Student ID,First Name,Middle Name,Last Name,Email-ID
1001,Luke,Porter,Baxley,LukeBaxley@surveycorps.com
1002,Marnie,Gayle,Lemmons,MarnieLemmons@surveycorps.com
1003,Anne,Faith,Scott,AnneScott@surveycorps.com
1004,Lucy,Belle,Blakeslee,LucyBlakeslee@surveycorps.com
1005,Chelsea,Savannah,Vlassman,ChelseaVlassman@surveycorps.com
1006,Kelly,Marilyn,Hudson,KellyHudson@surveycorps.com
1007,Todd,Washington,Robertson,ToddRobertson@surveycorps.com
1008,Kirk,Jeremy,Mitchell,KirkMitchell@surveycorps.com
1009,Suzanne,Kathleen,Dunn,SuzanneDunn@surveycorps.com
